{
  "_format": "hh-sol-cache-2",
  "files": {
    "/mnt/e/Downloads/ERC-4337/contracts/core/BaseAccount.sol": {
      "lastModificationDate": 1726124510741,
      "contentHash": "72f8c2b16f0bd40a373c86ecc12facb3",
      "sourceName": "contracts/core/BaseAccount.sol",
      "solcConfig": {
        "version": "0.8.24",
        "settings": {
          "optimizer": {
            "enabled": true,
            "runs": 1000
          },
          "evmVersion": "paris",
          "outputSelection": {
            "*": {
              "*": [
                "abi",
                "evm.bytecode",
                "evm.deployedBytecode",
                "evm.methodIdentifiers",
                "metadata"
              ],
              "": [
                "ast"
              ]
            }
          }
        }
      },
      "imports": [
        "../interfaces/IAccount.sol",
        "../interfaces/IEntryPoint.sol",
        "./UserOperationLib.sol"
      ],
      "versionPragmas": [
        "^0.8.23"
      ],
      "artifacts": [
        "BaseAccount"
      ]
    },
    "/mnt/e/Downloads/ERC-4337/contracts/interfaces/IAccount.sol": {
      "lastModificationDate": 1726124510781,
      "contentHash": "1f8a384da0da6354fdd834d63b24dfd4",
      "sourceName": "contracts/interfaces/IAccount.sol",
      "solcConfig": {
        "version": "0.8.24",
        "settings": {
          "optimizer": {
            "enabled": true,
            "runs": 1000
          },
          "evmVersion": "paris",
          "outputSelection": {
            "*": {
              "*": [
                "abi",
                "evm.bytecode",
                "evm.deployedBytecode",
                "evm.methodIdentifiers",
                "metadata"
              ],
              "": [
                "ast"
              ]
            }
          }
        }
      },
      "imports": [
        "./PackedUserOperation.sol"
      ],
      "versionPragmas": [
        ">=0.7.5"
      ],
      "artifacts": [
        "IAccount"
      ]
    },
    "/mnt/e/Downloads/ERC-4337/contracts/interfaces/IEntryPoint.sol": {
      "lastModificationDate": 1726124510781,
      "contentHash": "d201c25e2806de5038e53c646f93810c",
      "sourceName": "contracts/interfaces/IEntryPoint.sol",
      "solcConfig": {
        "version": "0.8.24",
        "settings": {
          "optimizer": {
            "enabled": true,
            "runs": 1000
          },
          "evmVersion": "paris",
          "outputSelection": {
            "*": {
              "*": [
                "abi",
                "evm.bytecode",
                "evm.deployedBytecode",
                "evm.methodIdentifiers",
                "metadata"
              ],
              "": [
                "ast"
              ]
            }
          }
        }
      },
      "imports": [
        "./PackedUserOperation.sol",
        "./IStakeManager.sol",
        "./IAggregator.sol",
        "./INonceManager.sol"
      ],
      "versionPragmas": [
        ">=0.7.5"
      ],
      "artifacts": [
        "IEntryPoint"
      ]
    },
    "/mnt/e/Downloads/ERC-4337/contracts/core/UserOperationLib.sol": {
      "lastModificationDate": 1726124511025,
      "contentHash": "49e8ce45c96e09cb83ff7d1d2e72e448",
      "sourceName": "contracts/core/UserOperationLib.sol",
      "solcConfig": {
        "version": "0.8.24",
        "settings": {
          "optimizer": {
            "enabled": true,
            "runs": 1000
          },
          "evmVersion": "paris",
          "outputSelection": {
            "*": {
              "*": [
                "abi",
                "evm.bytecode",
                "evm.deployedBytecode",
                "evm.methodIdentifiers",
                "metadata"
              ],
              "": [
                "ast"
              ]
            }
          }
        }
      },
      "imports": [
        "../interfaces/PackedUserOperation.sol",
        "./Helpers.sol"
      ],
      "versionPragmas": [
        "^0.8.23"
      ],
      "artifacts": [
        "UserOperationLib"
      ]
    },
    "/mnt/e/Downloads/ERC-4337/contracts/interfaces/PackedUserOperation.sol": {
      "lastModificationDate": 1726124511017,
      "contentHash": "6cdfe05be923cdc6051633ff1614e956",
      "sourceName": "contracts/interfaces/PackedUserOperation.sol",
      "solcConfig": {
        "version": "0.8.24",
        "settings": {
          "optimizer": {
            "enabled": true,
            "runs": 1000
          },
          "evmVersion": "paris",
          "outputSelection": {
            "*": {
              "*": [
                "abi",
                "evm.bytecode",
                "evm.deployedBytecode",
                "evm.methodIdentifiers",
                "metadata"
              ],
              "": [
                "ast"
              ]
            }
          }
        }
      },
      "imports": [],
      "versionPragmas": [
        ">=0.7.5"
      ],
      "artifacts": []
    },
    "/mnt/e/Downloads/ERC-4337/contracts/interfaces/IAggregator.sol": {
      "lastModificationDate": 1726124510781,
      "contentHash": "ea70aa8db36795540523cebf73f66469",
      "sourceName": "contracts/interfaces/IAggregator.sol",
      "solcConfig": {
        "version": "0.8.24",
        "settings": {
          "optimizer": {
            "enabled": true,
            "runs": 1000
          },
          "evmVersion": "paris",
          "outputSelection": {
            "*": {
              "*": [
                "abi",
                "evm.bytecode",
                "evm.deployedBytecode",
                "evm.methodIdentifiers",
                "metadata"
              ],
              "": [
                "ast"
              ]
            }
          }
        }
      },
      "imports": [
        "./PackedUserOperation.sol"
      ],
      "versionPragmas": [
        ">=0.7.5"
      ],
      "artifacts": [
        "IAggregator"
      ]
    },
    "/mnt/e/Downloads/ERC-4337/contracts/interfaces/IStakeManager.sol": {
      "lastModificationDate": 1726124511012,
      "contentHash": "8a37b39cb2b2d53efcd76e8d6af616ff",
      "sourceName": "contracts/interfaces/IStakeManager.sol",
      "solcConfig": {
        "version": "0.8.24",
        "settings": {
          "optimizer": {
            "enabled": true,
            "runs": 1000
          },
          "evmVersion": "paris",
          "outputSelection": {
            "*": {
              "*": [
                "abi",
                "evm.bytecode",
                "evm.deployedBytecode",
                "evm.methodIdentifiers",
                "metadata"
              ],
              "": [
                "ast"
              ]
            }
          }
        }
      },
      "imports": [],
      "versionPragmas": [
        ">=0.7.5"
      ],
      "artifacts": [
        "IStakeManager"
      ]
    },
    "/mnt/e/Downloads/ERC-4337/contracts/interfaces/INonceManager.sol": {
      "lastModificationDate": 1726124511009,
      "contentHash": "2865a605d4aece6b0d511f573003d167",
      "sourceName": "contracts/interfaces/INonceManager.sol",
      "solcConfig": {
        "version": "0.8.24",
        "settings": {
          "optimizer": {
            "enabled": true,
            "runs": 1000
          },
          "evmVersion": "paris",
          "outputSelection": {
            "*": {
              "*": [
                "abi",
                "evm.bytecode",
                "evm.deployedBytecode",
                "evm.methodIdentifiers",
                "metadata"
              ],
              "": [
                "ast"
              ]
            }
          }
        }
      },
      "imports": [],
      "versionPragmas": [
        ">=0.7.5"
      ],
      "artifacts": [
        "INonceManager"
      ]
    },
    "/mnt/e/Downloads/ERC-4337/contracts/core/Helpers.sol": {
      "lastModificationDate": 1726124510781,
      "contentHash": "d9a3c7fc04ae5f3fc8011d8792e8cb18",
      "sourceName": "contracts/core/Helpers.sol",
      "solcConfig": {
        "version": "0.8.24",
        "settings": {
          "optimizer": {
            "enabled": true,
            "runs": 1000
          },
          "evmVersion": "paris",
          "outputSelection": {
            "*": {
              "*": [
                "abi",
                "evm.bytecode",
                "evm.deployedBytecode",
                "evm.methodIdentifiers",
                "metadata"
              ],
              "": [
                "ast"
              ]
            }
          }
        }
      },
      "imports": [],
      "versionPragmas": [
        "^0.8.23"
      ],
      "artifacts": []
    },
    "/mnt/e/Downloads/ERC-4337/contracts/samples/SimpleAccount.sol": {
      "lastModificationDate": 1727668873266,
      "contentHash": "5fdfb77a895cb0669b5f9f951f0c111e",
      "sourceName": "contracts/samples/SimpleAccount.sol",
      "solcConfig": {
        "version": "0.8.24",
        "settings": {
          "optimizer": {
            "enabled": true,
            "runs": 1000
          },
          "evmVersion": "paris",
          "outputSelection": {
            "*": {
              "*": [
                "abi",
                "evm.bytecode",
                "evm.deployedBytecode",
                "evm.methodIdentifiers",
                "metadata"
              ],
              "": [
                "ast"
              ]
            }
          }
        }
      },
      "imports": [
        "@openzeppelin/contracts/utils/cryptography/ECDSA.sol",
        "@openzeppelin/contracts/utils/cryptography/MessageHashUtils.sol",
        "@openzeppelin/contracts/proxy/utils/Initializable.sol",
        "@openzeppelin/contracts/proxy/utils/UUPSUpgradeable.sol",
        "../core/BaseAccount.sol",
        "../core/Helpers.sol",
        "./callback/TokenCallbackHandler.sol",
        "hardhat/console.sol"
      ],
      "versionPragmas": [
        "^0.8.23"
      ],
      "artifacts": [
        "SimpleAccount"
      ]
    },
    "/mnt/e/Downloads/ERC-4337/contracts/samples/callback/TokenCallbackHandler.sol": {
      "lastModificationDate": 1726124511021,
      "contentHash": "7c2d395a28e99da6bca5756ead9bbf8e",
      "sourceName": "contracts/samples/callback/TokenCallbackHandler.sol",
      "solcConfig": {
        "version": "0.8.24",
        "settings": {
          "optimizer": {
            "enabled": true,
            "runs": 1000
          },
          "evmVersion": "paris",
          "outputSelection": {
            "*": {
              "*": [
                "abi",
                "evm.bytecode",
                "evm.deployedBytecode",
                "evm.methodIdentifiers",
                "metadata"
              ],
              "": [
                "ast"
              ]
            }
          }
        }
      },
      "imports": [
        "@openzeppelin/contracts/utils/introspection/IERC165.sol",
        "@openzeppelin/contracts/token/ERC721/IERC721Receiver.sol",
        "@openzeppelin/contracts/token/ERC1155/IERC1155Receiver.sol"
      ],
      "versionPragmas": [
        "^0.8.23"
      ],
      "artifacts": [
        "TokenCallbackHandler"
      ]
    },
    "/mnt/e/Downloads/ERC-4337/node_modules/@openzeppelin/contracts/utils/cryptography/ECDSA.sol": {
      "lastModificationDate": 1726646153118,
      "contentHash": "b96e0d7a3c2b185342c7d083d765b61f",
      "sourceName": "@openzeppelin/contracts/utils/cryptography/ECDSA.sol",
      "solcConfig": {
        "version": "0.8.24",
        "settings": {
          "optimizer": {
            "enabled": true,
            "runs": 1000
          },
          "evmVersion": "paris",
          "outputSelection": {
            "*": {
              "*": [
                "abi",
                "evm.bytecode",
                "evm.deployedBytecode",
                "evm.methodIdentifiers",
                "metadata"
              ],
              "": [
                "ast"
              ]
            }
          }
        }
      },
      "imports": [],
      "versionPragmas": [
        "^0.8.20"
      ],
      "artifacts": [
        "ECDSA"
      ]
    },
    "/mnt/e/Downloads/ERC-4337/node_modules/@openzeppelin/contracts/utils/cryptography/MessageHashUtils.sol": {
      "lastModificationDate": 1726646154169,
      "contentHash": "9e5eec59eaffa554d6cca561dcb914eb",
      "sourceName": "@openzeppelin/contracts/utils/cryptography/MessageHashUtils.sol",
      "solcConfig": {
        "version": "0.8.24",
        "settings": {
          "optimizer": {
            "enabled": true,
            "runs": 1000
          },
          "evmVersion": "paris",
          "outputSelection": {
            "*": {
              "*": [
                "abi",
                "evm.bytecode",
                "evm.deployedBytecode",
                "evm.methodIdentifiers",
                "metadata"
              ],
              "": [
                "ast"
              ]
            }
          }
        }
      },
      "imports": [
        "../Strings.sol"
      ],
      "versionPragmas": [
        "^0.8.20"
      ],
      "artifacts": [
        "MessageHashUtils"
      ]
    },
    "/mnt/e/Downloads/ERC-4337/node_modules/@openzeppelin/contracts/proxy/utils/Initializable.sol": {
      "lastModificationDate": 1726646154139,
      "contentHash": "f0cedd674b4863ee90d1521a92ab82df",
      "sourceName": "@openzeppelin/contracts/proxy/utils/Initializable.sol",
      "solcConfig": {
        "version": "0.8.24",
        "settings": {
          "optimizer": {
            "enabled": true,
            "runs": 1000
          },
          "evmVersion": "paris",
          "outputSelection": {
            "*": {
              "*": [
                "abi",
                "evm.bytecode",
                "evm.deployedBytecode",
                "evm.methodIdentifiers",
                "metadata"
              ],
              "": [
                "ast"
              ]
            }
          }
        }
      },
      "imports": [],
      "versionPragmas": [
        "^0.8.20"
      ],
      "artifacts": [
        "Initializable"
      ]
    },
    "/mnt/e/Downloads/ERC-4337/node_modules/@openzeppelin/contracts/proxy/utils/UUPSUpgradeable.sol": {
      "lastModificationDate": 1726646154257,
      "contentHash": "c6d3b3ab4be412d410950f5dfd36cb32",
      "sourceName": "@openzeppelin/contracts/proxy/utils/UUPSUpgradeable.sol",
      "solcConfig": {
        "version": "0.8.24",
        "settings": {
          "optimizer": {
            "enabled": true,
            "runs": 1000
          },
          "evmVersion": "paris",
          "outputSelection": {
            "*": {
              "*": [
                "abi",
                "evm.bytecode",
                "evm.deployedBytecode",
                "evm.methodIdentifiers",
                "metadata"
              ],
              "": [
                "ast"
              ]
            }
          }
        }
      },
      "imports": [
        "../../interfaces/draft-IERC1822.sol",
        "../ERC1967/ERC1967Utils.sol"
      ],
      "versionPragmas": [
        "^0.8.20"
      ],
      "artifacts": [
        "UUPSUpgradeable"
      ]
    },
    "/mnt/e/Downloads/ERC-4337/node_modules/@openzeppelin/contracts/token/ERC1155/IERC1155Receiver.sol": {
      "lastModificationDate": 1726646153798,
      "contentHash": "d14616defa6d417fafa47e416e3cec73",
      "sourceName": "@openzeppelin/contracts/token/ERC1155/IERC1155Receiver.sol",
      "solcConfig": {
        "version": "0.8.24",
        "settings": {
          "optimizer": {
            "enabled": true,
            "runs": 1000
          },
          "evmVersion": "paris",
          "outputSelection": {
            "*": {
              "*": [
                "abi",
                "evm.bytecode",
                "evm.deployedBytecode",
                "evm.methodIdentifiers",
                "metadata"
              ],
              "": [
                "ast"
              ]
            }
          }
        }
      },
      "imports": [
        "../../utils/introspection/IERC165.sol"
      ],
      "versionPragmas": [
        "^0.8.20"
      ],
      "artifacts": [
        "IERC1155Receiver"
      ]
    },
    "/mnt/e/Downloads/ERC-4337/node_modules/@openzeppelin/contracts/utils/introspection/IERC165.sol": {
      "lastModificationDate": 1726646153827,
      "contentHash": "de0163561b417b800d01749cbbe2147e",
      "sourceName": "@openzeppelin/contracts/utils/introspection/IERC165.sol",
      "solcConfig": {
        "version": "0.8.24",
        "settings": {
          "optimizer": {
            "enabled": true,
            "runs": 1000
          },
          "evmVersion": "paris",
          "outputSelection": {
            "*": {
              "*": [
                "abi",
                "evm.bytecode",
                "evm.deployedBytecode",
                "evm.methodIdentifiers",
                "metadata"
              ],
              "": [
                "ast"
              ]
            }
          }
        }
      },
      "imports": [],
      "versionPragmas": [
        "^0.8.20"
      ],
      "artifacts": [
        "IERC165"
      ]
    },
    "/mnt/e/Downloads/ERC-4337/node_modules/@openzeppelin/contracts/token/ERC721/IERC721Receiver.sol": {
      "lastModificationDate": 1726646154088,
      "contentHash": "fc8a9841f4bdd6329c26a00d5e75f4b3",
      "sourceName": "@openzeppelin/contracts/token/ERC721/IERC721Receiver.sol",
      "solcConfig": {
        "version": "0.8.24",
        "settings": {
          "optimizer": {
            "enabled": true,
            "runs": 1000
          },
          "evmVersion": "paris",
          "outputSelection": {
            "*": {
              "*": [
                "abi",
                "evm.bytecode",
                "evm.deployedBytecode",
                "evm.methodIdentifiers",
                "metadata"
              ],
              "": [
                "ast"
              ]
            }
          }
        }
      },
      "imports": [],
      "versionPragmas": [
        "^0.8.20"
      ],
      "artifacts": [
        "IERC721Receiver"
      ]
    },
    "/mnt/e/Downloads/ERC-4337/node_modules/@openzeppelin/contracts/utils/Strings.sol": {
      "lastModificationDate": 1726646154237,
      "contentHash": "ba57ff4ddf1d9cae9d2009792795b7f6",
      "sourceName": "@openzeppelin/contracts/utils/Strings.sol",
      "solcConfig": {
        "version": "0.8.24",
        "settings": {
          "optimizer": {
            "enabled": true,
            "runs": 1000
          },
          "evmVersion": "paris",
          "outputSelection": {
            "*": {
              "*": [
                "abi",
                "evm.bytecode",
                "evm.deployedBytecode",
                "evm.methodIdentifiers",
                "metadata"
              ],
              "": [
                "ast"
              ]
            }
          }
        }
      },
      "imports": [
        "./math/Math.sol",
        "./math/SignedMath.sol"
      ],
      "versionPragmas": [
        "^0.8.20"
      ],
      "artifacts": [
        "Strings"
      ]
    },
    "/mnt/e/Downloads/ERC-4337/node_modules/@openzeppelin/contracts/utils/math/Math.sol": {
      "lastModificationDate": 1726646154161,
      "contentHash": "718fa8ba0ff269c92e364c1429d9de57",
      "sourceName": "@openzeppelin/contracts/utils/math/Math.sol",
      "solcConfig": {
        "version": "0.8.24",
        "settings": {
          "optimizer": {
            "enabled": true,
            "runs": 1000
          },
          "evmVersion": "paris",
          "outputSelection": {
            "*": {
              "*": [
                "abi",
                "evm.bytecode",
                "evm.deployedBytecode",
                "evm.methodIdentifiers",
                "metadata"
              ],
              "": [
                "ast"
              ]
            }
          }
        }
      },
      "imports": [],
      "versionPragmas": [
        "^0.8.20"
      ],
      "artifacts": [
        "Math"
      ]
    },
    "/mnt/e/Downloads/ERC-4337/node_modules/@openzeppelin/contracts/utils/math/SignedMath.sol": {
      "lastModificationDate": 1726646154236,
      "contentHash": "b6c6bdc7aaca4fe5b680760a72e09d3e",
      "sourceName": "@openzeppelin/contracts/utils/math/SignedMath.sol",
      "solcConfig": {
        "version": "0.8.24",
        "settings": {
          "optimizer": {
            "enabled": true,
            "runs": 1000
          },
          "evmVersion": "paris",
          "outputSelection": {
            "*": {
              "*": [
                "abi",
                "evm.bytecode",
                "evm.deployedBytecode",
                "evm.methodIdentifiers",
                "metadata"
              ],
              "": [
                "ast"
              ]
            }
          }
        }
      },
      "imports": [],
      "versionPragmas": [
        "^0.8.20"
      ],
      "artifacts": [
        "SignedMath"
      ]
    },
    "/mnt/e/Downloads/ERC-4337/node_modules/@openzeppelin/contracts/interfaces/draft-IERC1822.sol": {
      "lastModificationDate": 1726646153101,
      "contentHash": "5a6f0412127636d802db818a7d6ac404",
      "sourceName": "@openzeppelin/contracts/interfaces/draft-IERC1822.sol",
      "solcConfig": {
        "version": "0.8.24",
        "settings": {
          "optimizer": {
            "enabled": true,
            "runs": 1000
          },
          "evmVersion": "paris",
          "outputSelection": {
            "*": {
              "*": [
                "abi",
                "evm.bytecode",
                "evm.deployedBytecode",
                "evm.methodIdentifiers",
                "metadata"
              ],
              "": [
                "ast"
              ]
            }
          }
        }
      },
      "imports": [],
      "versionPragmas": [
        "^0.8.20"
      ],
      "artifacts": [
        "IERC1822Proxiable"
      ]
    },
    "/mnt/e/Downloads/ERC-4337/node_modules/@openzeppelin/contracts/proxy/ERC1967/ERC1967Utils.sol": {
      "lastModificationDate": 1726646153270,
      "contentHash": "838bc3ef3bcf0376af7d9b2041989b6a",
      "sourceName": "@openzeppelin/contracts/proxy/ERC1967/ERC1967Utils.sol",
      "solcConfig": {
        "version": "0.8.24",
        "settings": {
          "optimizer": {
            "enabled": true,
            "runs": 1000
          },
          "evmVersion": "paris",
          "outputSelection": {
            "*": {
              "*": [
                "abi",
                "evm.bytecode",
                "evm.deployedBytecode",
                "evm.methodIdentifiers",
                "metadata"
              ],
              "": [
                "ast"
              ]
            }
          }
        }
      },
      "imports": [
        "../beacon/IBeacon.sol",
        "../../utils/Address.sol",
        "../../utils/StorageSlot.sol"
      ],
      "versionPragmas": [
        "^0.8.20"
      ],
      "artifacts": [
        "ERC1967Utils"
      ]
    },
    "/mnt/e/Downloads/ERC-4337/node_modules/@openzeppelin/contracts/utils/Address.sol": {
      "lastModificationDate": 1726646152960,
      "contentHash": "79c699f80eb8a9b168cb34e37816f894",
      "sourceName": "@openzeppelin/contracts/utils/Address.sol",
      "solcConfig": {
        "version": "0.8.24",
        "settings": {
          "optimizer": {
            "enabled": true,
            "runs": 1000
          },
          "evmVersion": "paris",
          "outputSelection": {
            "*": {
              "*": [
                "abi",
                "evm.bytecode",
                "evm.deployedBytecode",
                "evm.methodIdentifiers",
                "metadata"
              ],
              "": [
                "ast"
              ]
            }
          }
        }
      },
      "imports": [],
      "versionPragmas": [
        "^0.8.20"
      ],
      "artifacts": [
        "Address"
      ]
    },
    "/mnt/e/Downloads/ERC-4337/node_modules/@openzeppelin/contracts/utils/StorageSlot.sol": {
      "lastModificationDate": 1726646154237,
      "contentHash": "08cbccfefa284405c12b4bfa8c8c9c2b",
      "sourceName": "@openzeppelin/contracts/utils/StorageSlot.sol",
      "solcConfig": {
        "version": "0.8.24",
        "settings": {
          "optimizer": {
            "enabled": true,
            "runs": 1000
          },
          "evmVersion": "paris",
          "outputSelection": {
            "*": {
              "*": [
                "abi",
                "evm.bytecode",
                "evm.deployedBytecode",
                "evm.methodIdentifiers",
                "metadata"
              ],
              "": [
                "ast"
              ]
            }
          }
        }
      },
      "imports": [],
      "versionPragmas": [
        "^0.8.20"
      ],
      "artifacts": [
        "StorageSlot"
      ]
    },
    "/mnt/e/Downloads/ERC-4337/node_modules/@openzeppelin/contracts/proxy/beacon/IBeacon.sol": {
      "lastModificationDate": 1726646153731,
      "contentHash": "0a5c323fd908535580597848b8e550fb",
      "sourceName": "@openzeppelin/contracts/proxy/beacon/IBeacon.sol",
      "solcConfig": {
        "version": "0.8.24",
        "settings": {
          "optimizer": {
            "enabled": true,
            "runs": 1000
          },
          "evmVersion": "paris",
          "outputSelection": {
            "*": {
              "*": [
                "abi",
                "evm.bytecode",
                "evm.deployedBytecode",
                "evm.methodIdentifiers",
                "metadata"
              ],
              "": [
                "ast"
              ]
            }
          }
        }
      },
      "imports": [],
      "versionPragmas": [
        "^0.8.20"
      ],
      "artifacts": [
        "IBeacon"
      ]
    },
    "/mnt/e/Downloads/ERC-4337/contracts/samples/SimpleAccountFactory.sol": {
      "lastModificationDate": 1726125986271,
      "contentHash": "bfe5321d9dfaba5ab159531b4e16cb70",
      "sourceName": "contracts/samples/SimpleAccountFactory.sol",
      "solcConfig": {
        "version": "0.8.24",
        "settings": {
          "optimizer": {
            "enabled": true,
            "runs": 1000
          },
          "evmVersion": "paris",
          "outputSelection": {
            "*": {
              "*": [
                "abi",
                "evm.bytecode",
                "evm.deployedBytecode",
                "evm.methodIdentifiers",
                "metadata"
              ],
              "": [
                "ast"
              ]
            }
          }
        }
      },
      "imports": [
        "@openzeppelin/contracts/utils/Create2.sol",
        "@openzeppelin/contracts/proxy/ERC1967/ERC1967Proxy.sol",
        "./SimpleAccount.sol"
      ],
      "versionPragmas": [
        "^0.8.23"
      ],
      "artifacts": [
        "SimpleAccountFactory"
      ]
    },
    "/mnt/e/Downloads/ERC-4337/node_modules/@openzeppelin/contracts/utils/Create2.sol": {
      "lastModificationDate": 1726646153074,
      "contentHash": "30964d662b27a7894b1cf10058dc8d6b",
      "sourceName": "@openzeppelin/contracts/utils/Create2.sol",
      "solcConfig": {
        "version": "0.8.24",
        "settings": {
          "optimizer": {
            "enabled": true,
            "runs": 1000
          },
          "evmVersion": "paris",
          "outputSelection": {
            "*": {
              "*": [
                "abi",
                "evm.bytecode",
                "evm.deployedBytecode",
                "evm.methodIdentifiers",
                "metadata"
              ],
              "": [
                "ast"
              ]
            }
          }
        }
      },
      "imports": [],
      "versionPragmas": [
        "^0.8.20"
      ],
      "artifacts": [
        "Create2"
      ]
    },
    "/mnt/e/Downloads/ERC-4337/node_modules/@openzeppelin/contracts/proxy/ERC1967/ERC1967Proxy.sol": {
      "lastModificationDate": 1726646153266,
      "contentHash": "48a23123892520179a95b4461c1d752a",
      "sourceName": "@openzeppelin/contracts/proxy/ERC1967/ERC1967Proxy.sol",
      "solcConfig": {
        "version": "0.8.24",
        "settings": {
          "optimizer": {
            "enabled": true,
            "runs": 1000
          },
          "evmVersion": "paris",
          "outputSelection": {
            "*": {
              "*": [
                "abi",
                "evm.bytecode",
                "evm.deployedBytecode",
                "evm.methodIdentifiers",
                "metadata"
              ],
              "": [
                "ast"
              ]
            }
          }
        }
      },
      "imports": [
        "../Proxy.sol",
        "./ERC1967Utils.sol"
      ],
      "versionPragmas": [
        "^0.8.20"
      ],
      "artifacts": [
        "ERC1967Proxy"
      ]
    },
    "/mnt/e/Downloads/ERC-4337/node_modules/@openzeppelin/contracts/proxy/Proxy.sol": {
      "lastModificationDate": 1726646154197,
      "contentHash": "35308c2fa7be99a959494c37e8257c16",
      "sourceName": "@openzeppelin/contracts/proxy/Proxy.sol",
      "solcConfig": {
        "version": "0.8.24",
        "settings": {
          "optimizer": {
            "enabled": true,
            "runs": 1000
          },
          "evmVersion": "paris",
          "outputSelection": {
            "*": {
              "*": [
                "abi",
                "evm.bytecode",
                "evm.deployedBytecode",
                "evm.methodIdentifiers",
                "metadata"
              ],
              "": [
                "ast"
              ]
            }
          }
        }
      },
      "imports": [],
      "versionPragmas": [
        "^0.8.20"
      ],
      "artifacts": [
        "Proxy"
      ]
    },
    "/mnt/e/Downloads/ERC-4337/node_modules/@openzeppelin/contracts/utils/ShortStrings.sol": {
      "lastModificationDate": 1726646154231,
      "contentHash": "1b71929454f558e486d1f4f2471f29d4",
      "sourceName": "@openzeppelin/contracts/utils/ShortStrings.sol",
      "solcConfig": {
        "version": "0.8.24",
        "settings": {
          "optimizer": {
            "enabled": true,
            "runs": 1000
          },
          "evmVersion": "paris",
          "outputSelection": {
            "*": {
              "*": [
                "abi",
                "evm.bytecode",
                "evm.deployedBytecode",
                "evm.methodIdentifiers",
                "metadata"
              ],
              "": [
                "ast"
              ]
            }
          }
        }
      },
      "imports": [
        "./StorageSlot.sol"
      ],
      "versionPragmas": [
        "^0.8.20"
      ],
      "artifacts": [
        "ShortStrings"
      ]
    },
    "/mnt/e/Downloads/ERC-4337/node_modules/@openzeppelin/contracts/utils/cryptography/EIP712.sol": {
      "lastModificationDate": 1726646153128,
      "contentHash": "33f2efa11c674f59f4b8365be7a58da9",
      "sourceName": "@openzeppelin/contracts/utils/cryptography/EIP712.sol",
      "solcConfig": {
        "version": "0.8.24",
        "settings": {
          "optimizer": {
            "enabled": true,
            "runs": 1000
          },
          "evmVersion": "paris",
          "outputSelection": {
            "*": {
              "*": [
                "abi",
                "evm.bytecode",
                "evm.deployedBytecode",
                "evm.methodIdentifiers",
                "metadata"
              ],
              "": [
                "ast"
              ]
            }
          }
        }
      },
      "imports": [
        "./MessageHashUtils.sol",
        "../ShortStrings.sol",
        "../../interfaces/IERC5267.sol"
      ],
      "versionPragmas": [
        "^0.8.20"
      ],
      "artifacts": [
        "EIP712"
      ]
    },
    "/mnt/e/Downloads/ERC-4337/node_modules/@openzeppelin/contracts/interfaces/IERC5267.sol": {
      "lastModificationDate": 1726646153937,
      "contentHash": "94364524cb1a39dcbc3d3afff6d8e53e",
      "sourceName": "@openzeppelin/contracts/interfaces/IERC5267.sol",
      "solcConfig": {
        "version": "0.8.24",
        "settings": {
          "optimizer": {
            "enabled": true,
            "runs": 1000
          },
          "evmVersion": "paris",
          "outputSelection": {
            "*": {
              "*": [
                "abi",
                "evm.bytecode",
                "evm.deployedBytecode",
                "evm.methodIdentifiers",
                "metadata"
              ],
              "": [
                "ast"
              ]
            }
          }
        }
      },
      "imports": [],
      "versionPragmas": [
        "^0.8.20"
      ],
      "artifacts": [
        "IERC5267"
      ]
    },
    "/mnt/e/Downloads/ERC-4337/contracts/samples/VerifyingPaymaster.sol": {
      "lastModificationDate": 1726124511026,
      "contentHash": "f9d3b0e6a8493bdb78771200869fa94a",
      "sourceName": "contracts/samples/VerifyingPaymaster.sol",
      "solcConfig": {
        "version": "0.8.24",
        "settings": {
          "optimizer": {
            "enabled": true,
            "runs": 1000
          },
          "evmVersion": "paris",
          "outputSelection": {
            "*": {
              "*": [
                "abi",
                "evm.bytecode",
                "evm.deployedBytecode",
                "evm.methodIdentifiers",
                "metadata"
              ],
              "": [
                "ast"
              ]
            }
          }
        }
      },
      "imports": [
        "../core/BasePaymaster.sol",
        "../core/UserOperationLib.sol",
        "../core/Helpers.sol",
        "@openzeppelin/contracts/utils/cryptography/ECDSA.sol",
        "@openzeppelin/contracts/utils/cryptography/MessageHashUtils.sol"
      ],
      "versionPragmas": [
        "^0.8.23"
      ],
      "artifacts": [
        "VerifyingPaymaster"
      ]
    },
    "/mnt/e/Downloads/ERC-4337/contracts/core/BasePaymaster.sol": {
      "lastModificationDate": 1726124510742,
      "contentHash": "b8fa794daa7d572b1e715bca109533f9",
      "sourceName": "contracts/core/BasePaymaster.sol",
      "solcConfig": {
        "version": "0.8.24",
        "settings": {
          "optimizer": {
            "enabled": true,
            "runs": 1000
          },
          "evmVersion": "paris",
          "outputSelection": {
            "*": {
              "*": [
                "abi",
                "evm.bytecode",
                "evm.deployedBytecode",
                "evm.methodIdentifiers",
                "metadata"
              ],
              "": [
                "ast"
              ]
            }
          }
        }
      },
      "imports": [
        "@openzeppelin/contracts/access/Ownable.sol",
        "@openzeppelin/contracts/utils/introspection/IERC165.sol",
        "../interfaces/IPaymaster.sol",
        "../interfaces/IEntryPoint.sol",
        "./UserOperationLib.sol"
      ],
      "versionPragmas": [
        "^0.8.23"
      ],
      "artifacts": [
        "BasePaymaster"
      ]
    },
    "/mnt/e/Downloads/ERC-4337/contracts/interfaces/IPaymaster.sol": {
      "lastModificationDate": 1726124511010,
      "contentHash": "0edfe2232b7eb455a17ebaacd0d09243",
      "sourceName": "contracts/interfaces/IPaymaster.sol",
      "solcConfig": {
        "version": "0.8.24",
        "settings": {
          "optimizer": {
            "enabled": true,
            "runs": 1000
          },
          "evmVersion": "paris",
          "outputSelection": {
            "*": {
              "*": [
                "abi",
                "evm.bytecode",
                "evm.deployedBytecode",
                "evm.methodIdentifiers",
                "metadata"
              ],
              "": [
                "ast"
              ]
            }
          }
        }
      },
      "imports": [
        "./PackedUserOperation.sol"
      ],
      "versionPragmas": [
        ">=0.7.5"
      ],
      "artifacts": [
        "IPaymaster"
      ]
    },
    "/mnt/e/Downloads/ERC-4337/node_modules/@openzeppelin/contracts/access/Ownable.sol": {
      "lastModificationDate": 1726646154182,
      "contentHash": "d3c790edc9ccf808a17c5a6cd13614fd",
      "sourceName": "@openzeppelin/contracts/access/Ownable.sol",
      "solcConfig": {
        "version": "0.8.24",
        "settings": {
          "optimizer": {
            "enabled": true,
            "runs": 1000
          },
          "evmVersion": "paris",
          "outputSelection": {
            "*": {
              "*": [
                "abi",
                "evm.bytecode",
                "evm.deployedBytecode",
                "evm.methodIdentifiers",
                "metadata"
              ],
              "": [
                "ast"
              ]
            }
          }
        }
      },
      "imports": [
        "../utils/Context.sol"
      ],
      "versionPragmas": [
        "^0.8.20"
      ],
      "artifacts": [
        "Ownable"
      ]
    },
    "/mnt/e/Downloads/ERC-4337/node_modules/@openzeppelin/contracts/utils/Context.sol": {
      "lastModificationDate": 1726646153059,
      "contentHash": "67bfbc07588eb8683b3fd8f6f909563e",
      "sourceName": "@openzeppelin/contracts/utils/Context.sol",
      "solcConfig": {
        "version": "0.8.24",
        "settings": {
          "optimizer": {
            "enabled": true,
            "runs": 1000
          },
          "evmVersion": "paris",
          "outputSelection": {
            "*": {
              "*": [
                "abi",
                "evm.bytecode",
                "evm.deployedBytecode",
                "evm.methodIdentifiers",
                "metadata"
              ],
              "": [
                "ast"
              ]
            }
          }
        }
      },
      "imports": [],
      "versionPragmas": [
        "^0.8.20"
      ],
      "artifacts": [
        "Context"
      ]
    },
    "/mnt/e/Downloads/ERC-4337/contracts/samples/TokenPaymaster.sol": {
      "lastModificationDate": 1726124511022,
      "contentHash": "e7b5bbe4489e162e78e82de495f50d2c",
      "sourceName": "contracts/samples/TokenPaymaster.sol",
      "solcConfig": {
        "version": "0.8.24",
        "settings": {
          "optimizer": {
            "enabled": true,
            "runs": 1000
          },
          "evmVersion": "paris",
          "outputSelection": {
            "*": {
              "*": [
                "abi",
                "evm.bytecode",
                "evm.deployedBytecode",
                "evm.methodIdentifiers",
                "metadata"
              ],
              "": [
                "ast"
              ]
            }
          }
        }
      },
      "imports": [
        "@openzeppelin/contracts/token/ERC20/extensions/IERC20Metadata.sol",
        "@openzeppelin/contracts/token/ERC20/utils/SafeERC20.sol",
        "@openzeppelin/contracts/utils/cryptography/EIP712.sol",
        "../interfaces/IEntryPoint.sol",
        "../core/BasePaymaster.sol",
        "../core/Helpers.sol",
        "./utils/UniswapHelper.sol",
        "./utils/OracleHelper.sol"
      ],
      "versionPragmas": [
        "^0.8.23"
      ],
      "artifacts": [
        "TokenPaymaster"
      ]
    },
    "/mnt/e/Downloads/ERC-4337/contracts/samples/utils/UniswapHelper.sol": {
      "lastModificationDate": 1726124511023,
      "contentHash": "457eb5a7d9ef415d0f4d7cba29ee1def",
      "sourceName": "contracts/samples/utils/UniswapHelper.sol",
      "solcConfig": {
        "version": "0.8.24",
        "settings": {
          "optimizer": {
            "enabled": true,
            "runs": 1000
          },
          "evmVersion": "paris",
          "outputSelection": {
            "*": {
              "*": [
                "abi",
                "evm.bytecode",
                "evm.deployedBytecode",
                "evm.methodIdentifiers",
                "metadata"
              ],
              "": [
                "ast"
              ]
            }
          }
        }
      },
      "imports": [
        "@openzeppelin/contracts/token/ERC20/IERC20.sol",
        "@uniswap/v3-periphery/contracts/interfaces/ISwapRouter.sol",
        "@uniswap/v3-periphery/contracts/interfaces/IPeripheryPayments.sol"
      ],
      "versionPragmas": [
        "^0.8.23"
      ],
      "artifacts": [
        "UniswapHelper"
      ]
    },
    "/mnt/e/Downloads/ERC-4337/contracts/samples/utils/OracleHelper.sol": {
      "lastModificationDate": 1726124511017,
      "contentHash": "13500f30d6f4791da3fde7e47ba857c0",
      "sourceName": "contracts/samples/utils/OracleHelper.sol",
      "solcConfig": {
        "version": "0.8.24",
        "settings": {
          "optimizer": {
            "enabled": true,
            "runs": 1000
          },
          "evmVersion": "paris",
          "outputSelection": {
            "*": {
              "*": [
                "abi",
                "evm.bytecode",
                "evm.deployedBytecode",
                "evm.methodIdentifiers",
                "metadata"
              ],
              "": [
                "ast"
              ]
            }
          }
        }
      },
      "imports": [
        "./IOracle.sol"
      ],
      "versionPragmas": [
        "^0.8.23"
      ],
      "artifacts": [
        "OracleHelper"
      ]
    },
    "/mnt/e/Downloads/ERC-4337/node_modules/@openzeppelin/contracts/token/ERC20/utils/SafeERC20.sol": {
      "lastModificationDate": 1726646154228,
      "contentHash": "697fd27924863e77c17dace2179018b2",
      "sourceName": "@openzeppelin/contracts/token/ERC20/utils/SafeERC20.sol",
      "solcConfig": {
        "version": "0.8.24",
        "settings": {
          "optimizer": {
            "enabled": true,
            "runs": 1000
          },
          "evmVersion": "paris",
          "outputSelection": {
            "*": {
              "*": [
                "abi",
                "evm.bytecode",
                "evm.deployedBytecode",
                "evm.methodIdentifiers",
                "metadata"
              ],
              "": [
                "ast"
              ]
            }
          }
        }
      },
      "imports": [
        "../IERC20.sol",
        "../extensions/IERC20Permit.sol",
        "../../../utils/Address.sol"
      ],
      "versionPragmas": [
        "^0.8.20"
      ],
      "artifacts": [
        "SafeERC20"
      ]
    },
    "/mnt/e/Downloads/ERC-4337/node_modules/@openzeppelin/contracts/token/ERC20/extensions/IERC20Metadata.sol": {
      "lastModificationDate": 1726646153868,
      "contentHash": "4c02fa6f7ae7b6c289cef80424f0c875",
      "sourceName": "@openzeppelin/contracts/token/ERC20/extensions/IERC20Metadata.sol",
      "solcConfig": {
        "version": "0.8.24",
        "settings": {
          "optimizer": {
            "enabled": true,
            "runs": 1000
          },
          "evmVersion": "paris",
          "outputSelection": {
            "*": {
              "*": [
                "abi",
                "evm.bytecode",
                "evm.deployedBytecode",
                "evm.methodIdentifiers",
                "metadata"
              ],
              "": [
                "ast"
              ]
            }
          }
        }
      },
      "imports": [
        "../IERC20.sol"
      ],
      "versionPragmas": [
        "^0.8.20"
      ],
      "artifacts": [
        "IERC20Metadata"
      ]
    },
    "/mnt/e/Downloads/ERC-4337/node_modules/@openzeppelin/contracts/token/ERC20/IERC20.sol": {
      "lastModificationDate": 1726646153860,
      "contentHash": "5517c8678c18eb1a8ba58810e7ca39ca",
      "sourceName": "@openzeppelin/contracts/token/ERC20/IERC20.sol",
      "solcConfig": {
        "version": "0.8.24",
        "settings": {
          "optimizer": {
            "enabled": true,
            "runs": 1000
          },
          "evmVersion": "paris",
          "outputSelection": {
            "*": {
              "*": [
                "abi",
                "evm.bytecode",
                "evm.deployedBytecode",
                "evm.methodIdentifiers",
                "metadata"
              ],
              "": [
                "ast"
              ]
            }
          }
        }
      },
      "imports": [],
      "versionPragmas": [
        "^0.8.20"
      ],
      "artifacts": [
        "IERC20"
      ]
    },
    "/mnt/e/Downloads/ERC-4337/node_modules/@uniswap/v3-periphery/contracts/interfaces/ISwapRouter.sol": {
      "lastModificationDate": 1726646154056,
      "contentHash": "ffd42687b3db01d30c24213d961fcf9f",
      "sourceName": "@uniswap/v3-periphery/contracts/interfaces/ISwapRouter.sol",
      "solcConfig": {
        "version": "0.8.24",
        "settings": {
          "optimizer": {
            "enabled": true,
            "runs": 1000
          },
          "evmVersion": "paris",
          "outputSelection": {
            "*": {
              "*": [
                "abi",
                "evm.bytecode",
                "evm.deployedBytecode",
                "evm.methodIdentifiers",
                "metadata"
              ],
              "": [
                "ast"
              ]
            }
          }
        }
      },
      "imports": [
        "@uniswap/v3-core/contracts/interfaces/callback/IUniswapV3SwapCallback.sol"
      ],
      "versionPragmas": [
        ">=0.7.5"
      ],
      "artifacts": [
        "ISwapRouter"
      ]
    },
    "/mnt/e/Downloads/ERC-4337/node_modules/@uniswap/v3-periphery/contracts/interfaces/IPeripheryPayments.sol": {
      "lastModificationDate": 1726646153926,
      "contentHash": "8aa07bcaad7779d2bae8089adef235bf",
      "sourceName": "@uniswap/v3-periphery/contracts/interfaces/IPeripheryPayments.sol",
      "solcConfig": {
        "version": "0.8.24",
        "settings": {
          "optimizer": {
            "enabled": true,
            "runs": 1000
          },
          "evmVersion": "paris",
          "outputSelection": {
            "*": {
              "*": [
                "abi",
                "evm.bytecode",
                "evm.deployedBytecode",
                "evm.methodIdentifiers",
                "metadata"
              ],
              "": [
                "ast"
              ]
            }
          }
        }
      },
      "imports": [],
      "versionPragmas": [
        ">=0.7.5"
      ],
      "artifacts": [
        "IPeripheryPayments"
      ]
    },
    "/mnt/e/Downloads/ERC-4337/node_modules/@uniswap/v3-core/contracts/interfaces/callback/IUniswapV3SwapCallback.sol": {
      "lastModificationDate": 1726646152955,
      "contentHash": "a8ba2d37b0107911ae0e3b0e123cbd83",
      "sourceName": "@uniswap/v3-core/contracts/interfaces/callback/IUniswapV3SwapCallback.sol",
      "solcConfig": {
        "version": "0.8.24",
        "settings": {
          "optimizer": {
            "enabled": true,
            "runs": 1000
          },
          "evmVersion": "paris",
          "outputSelection": {
            "*": {
              "*": [
                "abi",
                "evm.bytecode",
                "evm.deployedBytecode",
                "evm.methodIdentifiers",
                "metadata"
              ],
              "": [
                "ast"
              ]
            }
          }
        }
      },
      "imports": [],
      "versionPragmas": [
        ">=0.5.0"
      ],
      "artifacts": [
        "IUniswapV3SwapCallback"
      ]
    },
    "/mnt/e/Downloads/ERC-4337/contracts/samples/utils/IOracle.sol": {
      "lastModificationDate": 1726124511010,
      "contentHash": "5eb882939cc86cdf540bfbffbc24cd38",
      "sourceName": "contracts/samples/utils/IOracle.sol",
      "solcConfig": {
        "version": "0.8.24",
        "settings": {
          "optimizer": {
            "enabled": true,
            "runs": 1000
          },
          "evmVersion": "paris",
          "outputSelection": {
            "*": {
              "*": [
                "abi",
                "evm.bytecode",
                "evm.deployedBytecode",
                "evm.methodIdentifiers",
                "metadata"
              ],
              "": [
                "ast"
              ]
            }
          }
        }
      },
      "imports": [],
      "versionPragmas": [
        "^0.8.23"
      ],
      "artifacts": [
        "IOracle"
      ]
    },
    "/mnt/e/Downloads/ERC-4337/node_modules/@openzeppelin/contracts/token/ERC20/extensions/IERC20Permit.sol": {
      "lastModificationDate": 1726646153882,
      "contentHash": "da291753fa4641f2c5837bfc4aa4c01b",
      "sourceName": "@openzeppelin/contracts/token/ERC20/extensions/IERC20Permit.sol",
      "solcConfig": {
        "version": "0.8.24",
        "settings": {
          "optimizer": {
            "enabled": true,
            "runs": 1000
          },
          "evmVersion": "paris",
          "outputSelection": {
            "*": {
              "*": [
                "abi",
                "evm.bytecode",
                "evm.deployedBytecode",
                "evm.methodIdentifiers",
                "metadata"
              ],
              "": [
                "ast"
              ]
            }
          }
        }
      },
      "imports": [],
      "versionPragmas": [
        "^0.8.20"
      ],
      "artifacts": [
        "IERC20Permit"
      ]
    },
    "/mnt/e/Downloads/ERC-4337/contracts/samples/DepositPaymaster.sol": {
      "lastModificationDate": 1726675843977,
      "contentHash": "58ce5efb6c5fb7b5c292b60ffe339355",
      "sourceName": "contracts/samples/DepositPaymaster.sol",
      "solcConfig": {
        "version": "0.8.24",
        "settings": {
          "optimizer": {
            "enabled": true,
            "runs": 1000
          },
          "evmVersion": "paris",
          "outputSelection": {
            "*": {
              "*": [
                "abi",
                "evm.bytecode",
                "evm.deployedBytecode",
                "evm.methodIdentifiers",
                "metadata"
              ],
              "": [
                "ast"
              ]
            }
          }
        }
      },
      "imports": [
        "@openzeppelin/contracts/token/ERC20/IERC20.sol",
        "@openzeppelin/contracts/token/ERC20/utils/SafeERC20.sol",
        "../core/BasePaymaster.sol",
        "./IOracle.sol"
      ],
      "versionPragmas": [
        "^0.8.20"
      ],
      "artifacts": [
        "DepositPaymaster"
      ]
    },
    "/mnt/e/Downloads/ERC-4337/contracts/samples/IOracle.sol": {
      "lastModificationDate": 1726675504721,
      "contentHash": "293d4fca1a04162c3a088a8d969f48f1",
      "sourceName": "contracts/samples/IOracle.sol",
      "solcConfig": {
        "version": "0.8.24",
        "settings": {
          "optimizer": {
            "enabled": true,
            "runs": 1000
          },
          "evmVersion": "paris",
          "outputSelection": {
            "*": {
              "*": [
                "abi",
                "evm.bytecode",
                "evm.deployedBytecode",
                "evm.methodIdentifiers",
                "metadata"
              ],
              "": [
                "ast"
              ]
            }
          }
        }
      },
      "imports": [],
      "versionPragmas": [
        "^0.8.20"
      ],
      "artifacts": [
        "IOracle"
      ]
    },
    "/mnt/e/Downloads/ERC-4337/contracts/samples/LegacyTokenPaymaster.sol": {
      "lastModificationDate": 1726124511013,
      "contentHash": "3c8649a05b0a4ce0e1c3bcd5a141911c",
      "sourceName": "contracts/samples/LegacyTokenPaymaster.sol",
      "solcConfig": {
        "version": "0.8.24",
        "settings": {
          "optimizer": {
            "enabled": true,
            "runs": 1000
          },
          "evmVersion": "paris",
          "outputSelection": {
            "*": {
              "*": [
                "abi",
                "evm.bytecode",
                "evm.deployedBytecode",
                "evm.methodIdentifiers",
                "metadata"
              ],
              "": [
                "ast"
              ]
            }
          }
        }
      },
      "imports": [
        "@openzeppelin/contracts/token/ERC20/ERC20.sol",
        "../core/BasePaymaster.sol",
        "../core/UserOperationLib.sol",
        "../core/Helpers.sol"
      ],
      "versionPragmas": [
        "^0.8.23"
      ],
      "artifacts": [
        "LegacyTokenPaymaster"
      ]
    },
    "/mnt/e/Downloads/ERC-4337/node_modules/@openzeppelin/contracts/token/ERC20/ERC20.sol": {
      "lastModificationDate": 1726646153316,
      "contentHash": "c6375ef25e84c90b3d15f9ec4eef218f",
      "sourceName": "@openzeppelin/contracts/token/ERC20/ERC20.sol",
      "solcConfig": {
        "version": "0.8.24",
        "settings": {
          "optimizer": {
            "enabled": true,
            "runs": 1000
          },
          "evmVersion": "paris",
          "outputSelection": {
            "*": {
              "*": [
                "abi",
                "evm.bytecode",
                "evm.deployedBytecode",
                "evm.methodIdentifiers",
                "metadata"
              ],
              "": [
                "ast"
              ]
            }
          }
        }
      },
      "imports": [
        "./IERC20.sol",
        "./extensions/IERC20Metadata.sol",
        "../../utils/Context.sol",
        "../../interfaces/draft-IERC6093.sol"
      ],
      "versionPragmas": [
        "^0.8.20"
      ],
      "artifacts": [
        "ERC20"
      ]
    },
    "/mnt/e/Downloads/ERC-4337/node_modules/@openzeppelin/contracts/interfaces/draft-IERC6093.sol": {
      "lastModificationDate": 1726646153107,
      "contentHash": "4aefc698f77ecbace7f401257dfe182d",
      "sourceName": "@openzeppelin/contracts/interfaces/draft-IERC6093.sol",
      "solcConfig": {
        "version": "0.8.24",
        "settings": {
          "optimizer": {
            "enabled": true,
            "runs": 1000
          },
          "evmVersion": "paris",
          "outputSelection": {
            "*": {
              "*": [
                "abi",
                "evm.bytecode",
                "evm.deployedBytecode",
                "evm.methodIdentifiers",
                "metadata"
              ],
              "": [
                "ast"
              ]
            }
          }
        }
      },
      "imports": [],
      "versionPragmas": [
        "^0.8.20"
      ],
      "artifacts": [
        "IERC1155Errors",
        "IERC20Errors",
        "IERC721Errors"
      ]
    },
    "/mnt/e/Downloads/ERC-4337/contracts/samples/WETH.sol": {
      "lastModificationDate": 1726687019505,
      "contentHash": "b463b3c539a0aad5f98184ab25abbeb0",
      "sourceName": "contracts/samples/WETH.sol",
      "solcConfig": {
        "version": "0.8.24",
        "settings": {
          "optimizer": {
            "enabled": true,
            "runs": 1000
          },
          "evmVersion": "paris",
          "outputSelection": {
            "*": {
              "*": [
                "abi",
                "evm.bytecode",
                "evm.deployedBytecode",
                "evm.methodIdentifiers",
                "metadata"
              ],
              "": [
                "ast"
              ]
            }
          }
        }
      },
      "imports": [
        "@openzeppelin/contracts/token/ERC20/ERC20.sol",
        "@openzeppelin/contracts/access/Ownable.sol"
      ],
      "versionPragmas": [
        "^0.8.20"
      ],
      "artifacts": [
        "WETHToken"
      ]
    },
    "/mnt/e/Downloads/ERC-4337/contracts/core/EntryPoint.sol": {
      "lastModificationDate": 1727669476595,
      "contentHash": "7a7ea0e04d1a8e7786ff9e6e00792620",
      "sourceName": "contracts/core/EntryPoint.sol",
      "solcConfig": {
        "version": "0.8.24",
        "settings": {
          "optimizer": {
            "enabled": true,
            "runs": 1000
          },
          "evmVersion": "paris",
          "outputSelection": {
            "*": {
              "*": [
                "abi",
                "evm.bytecode",
                "evm.deployedBytecode",
                "evm.methodIdentifiers",
                "metadata"
              ],
              "": [
                "ast"
              ]
            }
          }
        }
      },
      "imports": [
        "../interfaces/IAccount.sol",
        "../interfaces/IAccountExecute.sol",
        "../interfaces/IPaymaster.sol",
        "../interfaces/IEntryPoint.sol",
        "../utils/Exec.sol",
        "./StakeManager.sol",
        "./SenderCreator.sol",
        "./Helpers.sol",
        "./NonceManager.sol",
        "./UserOperationLib.sol",
        "@openzeppelin/contracts/utils/introspection/ERC165.sol",
        "@openzeppelin/contracts/utils/ReentrancyGuard.sol",
        "hardhat/console.sol"
      ],
      "versionPragmas": [
        "^0.8.23"
      ],
      "artifacts": [
        "EntryPoint"
      ]
    },
    "/mnt/e/Downloads/ERC-4337/contracts/interfaces/IAccountExecute.sol": {
      "lastModificationDate": 1726124510781,
      "contentHash": "29ded9a414cc72b0b85e3edaa357c9d8",
      "sourceName": "contracts/interfaces/IAccountExecute.sol",
      "solcConfig": {
        "version": "0.8.24",
        "settings": {
          "optimizer": {
            "enabled": true,
            "runs": 1000
          },
          "evmVersion": "paris",
          "outputSelection": {
            "*": {
              "*": [
                "abi",
                "evm.bytecode",
                "evm.deployedBytecode",
                "evm.methodIdentifiers",
                "metadata"
              ],
              "": [
                "ast"
              ]
            }
          }
        }
      },
      "imports": [
        "./PackedUserOperation.sol"
      ],
      "versionPragmas": [
        ">=0.7.5"
      ],
      "artifacts": [
        "IAccountExecute"
      ]
    },
    "/mnt/e/Downloads/ERC-4337/contracts/utils/Exec.sol": {
      "lastModificationDate": 1726124510779,
      "contentHash": "8156fbf5a7fe2e169f75483db6787860",
      "sourceName": "contracts/utils/Exec.sol",
      "solcConfig": {
        "version": "0.8.24",
        "settings": {
          "optimizer": {
            "enabled": true,
            "runs": 1000
          },
          "evmVersion": "paris",
          "outputSelection": {
            "*": {
              "*": [
                "abi",
                "evm.bytecode",
                "evm.deployedBytecode",
                "evm.methodIdentifiers",
                "metadata"
              ],
              "": [
                "ast"
              ]
            }
          }
        }
      },
      "imports": [],
      "versionPragmas": [
        "^0.8.23"
      ],
      "artifacts": [
        "Exec"
      ]
    },
    "/mnt/e/Downloads/ERC-4337/contracts/core/StakeManager.sol": {
      "lastModificationDate": 1726124511021,
      "contentHash": "9857ed1921becf91ccf93ca0de9db0b5",
      "sourceName": "contracts/core/StakeManager.sol",
      "solcConfig": {
        "version": "0.8.24",
        "settings": {
          "optimizer": {
            "enabled": true,
            "runs": 1000
          },
          "evmVersion": "paris",
          "outputSelection": {
            "*": {
              "*": [
                "abi",
                "evm.bytecode",
                "evm.deployedBytecode",
                "evm.methodIdentifiers",
                "metadata"
              ],
              "": [
                "ast"
              ]
            }
          }
        }
      },
      "imports": [
        "../interfaces/IStakeManager.sol"
      ],
      "versionPragmas": [
        "^0.8.23"
      ],
      "artifacts": [
        "StakeManager"
      ]
    },
    "/mnt/e/Downloads/ERC-4337/contracts/core/SenderCreator.sol": {
      "lastModificationDate": 1726124511019,
      "contentHash": "c4cda983dfb4422cd413360a23ed244a",
      "sourceName": "contracts/core/SenderCreator.sol",
      "solcConfig": {
        "version": "0.8.24",
        "settings": {
          "optimizer": {
            "enabled": true,
            "runs": 1000
          },
          "evmVersion": "paris",
          "outputSelection": {
            "*": {
              "*": [
                "abi",
                "evm.bytecode",
                "evm.deployedBytecode",
                "evm.methodIdentifiers",
                "metadata"
              ],
              "": [
                "ast"
              ]
            }
          }
        }
      },
      "imports": [],
      "versionPragmas": [
        "^0.8.23"
      ],
      "artifacts": [
        "SenderCreator"
      ]
    },
    "/mnt/e/Downloads/ERC-4337/contracts/core/NonceManager.sol": {
      "lastModificationDate": 1726124511016,
      "contentHash": "a127aeed000517349e4d579991cc1b5d",
      "sourceName": "contracts/core/NonceManager.sol",
      "solcConfig": {
        "version": "0.8.24",
        "settings": {
          "optimizer": {
            "enabled": true,
            "runs": 1000
          },
          "evmVersion": "paris",
          "outputSelection": {
            "*": {
              "*": [
                "abi",
                "evm.bytecode",
                "evm.deployedBytecode",
                "evm.methodIdentifiers",
                "metadata"
              ],
              "": [
                "ast"
              ]
            }
          }
        }
      },
      "imports": [
        "../interfaces/INonceManager.sol"
      ],
      "versionPragmas": [
        "^0.8.23"
      ],
      "artifacts": [
        "NonceManager"
      ]
    },
    "/mnt/e/Downloads/ERC-4337/node_modules/@openzeppelin/contracts/utils/ReentrancyGuard.sol": {
      "lastModificationDate": 1726646154210,
      "contentHash": "a92331adac11b453a4de0323fc948119",
      "sourceName": "@openzeppelin/contracts/utils/ReentrancyGuard.sol",
      "solcConfig": {
        "version": "0.8.24",
        "settings": {
          "optimizer": {
            "enabled": true,
            "runs": 1000
          },
          "evmVersion": "paris",
          "outputSelection": {
            "*": {
              "*": [
                "abi",
                "evm.bytecode",
                "evm.deployedBytecode",
                "evm.methodIdentifiers",
                "metadata"
              ],
              "": [
                "ast"
              ]
            }
          }
        }
      },
      "imports": [],
      "versionPragmas": [
        "^0.8.20"
      ],
      "artifacts": [
        "ReentrancyGuard"
      ]
    },
    "/mnt/e/Downloads/ERC-4337/node_modules/@openzeppelin/contracts/utils/introspection/ERC165.sol": {
      "lastModificationDate": 1726646153247,
      "contentHash": "6a55c353946e471d9792965d06208295",
      "sourceName": "@openzeppelin/contracts/utils/introspection/ERC165.sol",
      "solcConfig": {
        "version": "0.8.24",
        "settings": {
          "optimizer": {
            "enabled": true,
            "runs": 1000
          },
          "evmVersion": "paris",
          "outputSelection": {
            "*": {
              "*": [
                "abi",
                "evm.bytecode",
                "evm.deployedBytecode",
                "evm.methodIdentifiers",
                "metadata"
              ],
              "": [
                "ast"
              ]
            }
          }
        }
      },
      "imports": [
        "./IERC165.sol"
      ],
      "versionPragmas": [
        "^0.8.20"
      ],
      "artifacts": [
        "ERC165"
      ]
    },
    "/mnt/e/Downloads/ERC-4337/contracts/core/EntryPointSimulations.sol": {
      "lastModificationDate": 1726124510779,
      "contentHash": "a8e3ac1723ce5a9be35c2611eeaab02c",
      "sourceName": "contracts/core/EntryPointSimulations.sol",
      "solcConfig": {
        "version": "0.8.24",
        "settings": {
          "optimizer": {
            "enabled": true,
            "runs": 1000
          },
          "evmVersion": "paris",
          "outputSelection": {
            "*": {
              "*": [
                "abi",
                "evm.bytecode",
                "evm.deployedBytecode",
                "evm.methodIdentifiers",
                "metadata"
              ],
              "": [
                "ast"
              ]
            }
          }
        }
      },
      "imports": [
        "./EntryPoint.sol",
        "../interfaces/IEntryPointSimulations.sol"
      ],
      "versionPragmas": [
        "^0.8.23"
      ],
      "artifacts": [
        "EntryPointSimulations"
      ]
    },
    "/mnt/e/Downloads/ERC-4337/contracts/interfaces/IEntryPointSimulations.sol": {
      "lastModificationDate": 1726124511009,
      "contentHash": "6a332eff75894d93513aa67b0738c266",
      "sourceName": "contracts/interfaces/IEntryPointSimulations.sol",
      "solcConfig": {
        "version": "0.8.24",
        "settings": {
          "optimizer": {
            "enabled": true,
            "runs": 1000
          },
          "evmVersion": "paris",
          "outputSelection": {
            "*": {
              "*": [
                "abi",
                "evm.bytecode",
                "evm.deployedBytecode",
                "evm.methodIdentifiers",
                "metadata"
              ],
              "": [
                "ast"
              ]
            }
          }
        }
      },
      "imports": [
        "./PackedUserOperation.sol",
        "./IEntryPoint.sol"
      ],
      "versionPragmas": [
        ">=0.7.5"
      ],
      "artifacts": [
        "IEntryPointSimulations"
      ]
    },
    "/mnt/e/Downloads/ERC-4337/node_modules/hardhat/console.sol": {
      "lastModificationDate": 1726714040663,
      "contentHash": "896f68942c3a20e9ae3c3c5bfd3add54",
      "sourceName": "hardhat/console.sol",
      "solcConfig": {
        "version": "0.8.24",
        "settings": {
          "optimizer": {
            "enabled": true,
            "runs": 1000
          },
          "evmVersion": "paris",
          "outputSelection": {
            "*": {
              "*": [
                "abi",
                "evm.bytecode",
                "evm.deployedBytecode",
                "evm.methodIdentifiers",
                "metadata"
              ],
              "": [
                "ast"
              ]
            }
          }
        }
      },
      "imports": [],
      "versionPragmas": [
        ">=0.4.22 <0.9.0"
      ],
      "artifacts": [
        "console"
      ]
    }
  }
}
